Workbook

Sheet 🏠 Dashboard
A1: 🏠 DASHBOARD
A2: Pregled financ 2025-2026 | Posodobljeno: 15.11.2025
A4: 💰 SKUPAJ PRIHODKI | D4: 💸 SKUPAJ STROŠKI
A5: ='💰 Prihodki'!B29 -> 0 | D5: =SUM('📊 Mesečni pregled'!B12:M12) -> 9207.92
A7: ✨ PRIHRANKI
A8: =A5-D5 -> -9207.92
A10: 📈 POVPREČJA
A11: Povprečni mesečni prihodek: | B11: =AVERAGE('📊 Mesečni pregled'!B5:B28) -> 0
A12: Povprečni mesečni stroški: | B12: =AVERAGE('📊 Mesečni pregled'!K5:K28) -> 193.825
A13: Povprečni mesečni prihranki: | B13: =B11-B12 -> -193.825
A15: 🏷️ STROŠKI PO KATEGORIJAH
A16: Fiksni stroški | B16: ='📊 Mesečni pregled'!C29 -> 0
A17: Hrana | B17: ='📊 Mesečni pregled'!D29 -> 0
A18: Transport | B18: ='📊 Mesečni pregled'!E29 -> 0
A19: Zabava | B19: ='📊 Mesečni pregled'!F29 -> 0
A20: Oblačila | B20: ='📊 Mesečni pregled'!G29 -> 0
A21: Zdravstvo | B21: ='📊 Mesečni pregled'!H29 -> 0
A22: Šport/Fitnes | B22: ='📊 Mesečni pregled'!I29 -> 0
A23: Ostalo | B23: ='📊 Mesečni pregled'!J29 -> 0
A26: 📖 NAVODILA
A27: 1️⃣ Najprej nastavi KATEGORIJE
A28: • Pojdi na list '⚙️ Kategorije'
A29: • Dodaj ali spremeni kategorije po svojih željah
A31: 2️⃣ Vnesi PRIHODKE
A32: • Pojdi na list '💰 Prihodki'
A33: • Za vsak mesec vnesi koliko si zaslužil
A35: 3️⃣ Dodaj STROŠKE
A36: • Pojdi na list '📝 Vnos stroškov'
A37: • Izberi mesec iz dropdowna (ali vnesi direktno)
A38: • Dodaj naziv, znesek in kategorijo
A39: • Lahko dodajaš pretekle stroške!
... A43: • Dashboard prikazuje statistiko in grafe

Sheet ⚙️ Kategorije
A1: ⚙️ UPRAVLJANJE KATEGORIJ
A2: Tukaj lahko dodajaš, spreminjat ali brišeš kategorije. Te kategorije se bodo uporabljale po celem Excel-u.
A4: KATEGORIJA | B4: BARVA
A5: Fiksni stroški | B5: Modra
A6: Hrana | B6: Modra
A7: Transport | B7: Modra
A8: Zabava | B8: Modra
A9: Oblačila | B9: Modra
A10: Zdravstvo | B10: Modra
A11: Šport/Fitnes | B11: Modra
A12: Ostalo | B12: Modra
A25: 💡 NAPOTKI:
A26: • Dodaj novo kategorijo tako, da vpišeš ime v prazno vrstico
A27: • Kategorije se avtomatsko posodobijo v dropdownih
A28: • Če izbrišeš kategorijo, se bo odstranila iz vseh seznamov

Sheet 💼 Čistopis
A1: 💼 ČISTOPIS - Stanje na računu
A2: Mesečni pregled stanja - prihodki, stroški in akumulirano stanje
A4: MESEC | B4: PRIHODKI | C4: STROŠKI | D4: PRIHRANKI | E4: STANJE NA RAČUNU
A5: Jan | B5: 0 | C5: ='📊 Mesečni pregled'!B12 -> 0 | D5: =B5-C5 -> 0 | E5: =D5 -> 0
A6: Feb | B6: =IFERROR('💰 Prihodki'!B5,0) -> 0 | C6: ='📊 Mesečni pregled'!C12 -> 0 | D6: =B6-C6 -> 0 | E6: =E5+D6 -> 0
A7: Mar | B7: 1818 | C7: ='📊 Mesečni pregled'!D12 -> 1018.16 | D7: =B7-C7 -> 799.84 | E7: =E6+D7 -> 799.84
A8: Apr | B8: =IFERROR('💰 Prihodki'!B7,0) -> 954.8 | C8: ='📊 Mesečni pregled'!E12 -> 1925.37 | D8: =B8-C8 -> -970.57 | E8: =E7+D8 -> -170.73
A9: Maj | B9: =IFERROR('💰 Prihodki'!B8,0) -> 1224.42 | C9: ='📊 Mesečni pregled'!F12 -> 1140.32 | D9: =B9-C9 -> 84.1 | E9: =E8+D9 -> -86.63
A10: Jun | B10: =IFERROR('💰 Prihodki'!B9,0) -> 902.49 | C10: ='📊 Mesečni pregled'!G12 -> 1137.82 | D10: =B10-C10 -> -235.33 | E10: =E9+D10 -> -321.96
A11: Jul | B11: =IFERROR('💰 Prihodki'!B10,0) -> 1102.49 | C11: ='📊 Mesečni pregled'!H12 -> 1398.89 | D11: =B11-C11 -> -296.4 | E11: =E10+D11 -> -618.36
A12: Avg | B12: =IFERROR('💰 Prihodki'!B11,0) -> 1065.56 | C12: ='📊 Mesečni pregled'!I12 -> 747.89 | D12: =B12-C12 -> 317.67 | E12: =E11+D12 -> -300.69
A13: Sep | B13: =IFERROR('💰 Prihodki'!B12,0) -> 627.82 | C13: ='📊 Mesečni pregled'!J12 -> 759.76 | D13: =B13-C13 -> -131.94 | E13: =E12+D13 -> -432.63
A14: Okt | B14: =IFERROR('💰 Prihodki'!B13,0) -> 781.56 | C14: ='📊 Mesečni pregled'!K12 -> 812.06 | D14: =B14-C14 -> -30.5 | E14: =E13+D14 -> -463.13
A15: Nov | B15: =IFERROR('💰 Prihodki'!B14,0) -> 1099.2 | C15: ='📊 Mesečni pregled'!L12 -> 267.65 | D15: =B15-C15 -> 831.55 | E15: =E14+D15 -> 368.42
A16: Dec | B16: =IFERROR('💰 Prihodki'!B15,0) -> 0 | C16: ='📊 Mesečni pregled'!M12 -> 0 | D16: =B16-C16 -> 0 | E16: =E15+D16 -> 368.42
A17: SKUPAJ | B17: =SUM(B5:B16) -> 9576.34 | C17: =SUM(C5:C16) -> 9207.92 | D17: =SUM(D5:D16) -> 368.42 | E17: =E16 -> 368.42

Sheet 💰 Prihodki
A1: 💰 MESEČNI PRIHODKI
A2: Vnesi koliko si zaslužil vsak mesec (študentsko delo, drugo)
A4: MESEC | B4: PRIHODKI (€)
A5: Jan 2025 | B5: 0
A6: Feb 2025 | B6: 0
A7: Mar 2025 | B7: 954.8
A8: Apr 2025 | B8: 1224.42
A9: May 2025 | B9: 902.49
A10: Jun 2025 | B10: 1102.49
A11: Jul 2025 | B11: 1065.56
A12: Aug 2025 | B12: 627.82
A13: Sep 2025 | B13: 781.56
A14: Oct 2025 | B14: 1099.2
A15: Nov 2025 | B15: 0
A16: Dec 2025 | B16: 0
... A29: SKUPAJ | B29: 0

Sheet 📝 Vnos stroškov
A1: 📝 VNOS STROŠKOV
A2: Vnašaj stroške po datumih. Stroški se avtomatsko seštevajo v mesečnem pregledu.
A4: DATUM | B4: NAZIV STROŠKA | C4: ZNESEK (€) | D4: KATEGORIJA
A5: 45962 | B5: ChatGPT | C5: 21.1 | D5: Fiksni stroški
A6: 45975 | B6: gice alessia | C6: 5 | D6: Ostalo
A7: 45962 | B7: Claude ai | C7: 22 | D7: Fiksni stroški
A8: 45962 | B8: Zavarovanje avta | C8: 104 | D8: Fiksni stroški
A9: 45962 | B9: TELEMACH SLOVENIJA | C9: 50.89 | D9: Fiksni stroški
A10: 45720 | B10: SPAR MOZIRJE | C10: 7.46 | D10: Hrana
A11: 45720 | B11: MOL 13406 BS Letus | C11: 4.9 | D11: Transport
A12: 45720 | B12: OTP BANKA D.D. /OTP MO | C12: 60 | D12: Ostalo
A13: 45720 | B13: HOFER hvala | C13: 11.95 | D13: Hrana
A14: 45723 | B14: MCDONALDS VELENJE | C14: 10 | D14: Zabava
A15: 45725 | B15: OTP BANKA D.D. /OTP MO | C15: 50 | D15: Ostalo
A16: 45725 | B16: SPAR MOZIRJE | C16: 8.57 | D16: Hrana
... A364: 45978 | B364: MOL 13406 BS Letus | C364: 64.66 | D364: Transport

Sheet 📊 Mesečni pregled
A1: 📊 MESEČNI PREGLED | D1: 2025
A3: KATEGORIJA | B3: Jan | C3: Feb | D3: Mar | E3: Apr | F3: Maj | G3: Jun | H3: Jul | I3: Avg | J3: Sep | K3: Okt | L3: Nov | M3: Dec
A4: Fiksni stroški | B4: =SUMIFS('📝 Vnos stroškov'!$C:$C,'📝 Vnos stroškov'!$D:$D,$A4,'📝 Vnos stroškov'!$A:$A,">="&DATE($D$1,1,1),'📝 Vnos stroškov'!$A:$A,"<"&DATE($D$1,2,1)) -> 0 | C4: =SUMIFS('📝 Vnos stroškov'!$C:$C,'📝 Vnos stroškov'!$D:$D,$A4,'📝 Vnos stroškov'!$A:$A,">="&DATE($D$1,2,1),'📝 Vnos stroškov'!$A:$A,"<"&DATE($D$1,3,1)) -> 0 | D4: =SUMIFS('📝 Vnos stroškov'!$C:$C,'📝 Vnos stroškov'!$D:$D,$A4,'📝 Vnos stroškov'!$A:$A,">="&DATE($D$1,3,1),'📝 Vnos stroškov'!$A:$A,"<"&DATE($D$1,4,1)) -> 73.33 | E4: =SUMIFS('📝 Vnos stroškov'!$C:$C,'📝 Vnos stroškov'!$D:$D,$A4,'📝 Vnos stroškov'!$A:$A,">="&DATE($D$1,4,1),'📝 Vnos stroškov'!$A:$A,"<"&DATE($D$1,5,1)) -> 81.69 | F4: =SUMIFS('📝 Vnos stroškov'!$C:$C,'📝 Vnos stroškov'!$D:$D,$A4,'📝 Vnos stroškov'!$A:$A,">="&DATE($D$1,5,1),'📝 Vnos stroškov'!$A:$A,"<"&DATE($D$1,6,1)) -> 72.94 | G4: =SUMIFS('📝 Vnos stroškov'!$C:$C,'📝 Vnos stroškov'!$D:$D,$A4,'📝 Vnos stroškov'!$A:$A,">="&DATE($D$1,6,1),'📝 Vnos stroškov'!$A:$A,"<"&DATE($D$1,7,1)) -> 103.68 | H4: =SUMIFS('📝 Vnos stroškov'!$C:$C,'📝 Vnos stroškov'!$D:$D,$A4,'📝 Vnos stroškov'!$A:$A,">="&DATE($D$1,7,1),'📝 Vnos stroškov'!$A:$A,"<"&DATE($D$1,8,1)) -> 80.81 | I4: =SUMIFS('📝 Vnos stroškov'!$C:$C,'📝 Vnos stroškov'!$D:$D,$A4,'📝 Vnos stroškov'!$A:$A,">="&DATE($D$1,8,1),'📝 Vnos stroškov'!$A:$A,"<"&DATE($D$1,9,1)) -> 94.19 | J4: =SUMIFS('📝 Vnos stroškov'!$C:$C,'📝 Vnos stroškov'!$D:$D,$A4,'📝 Vnos stroškov'!$A:$A,">="&DATE($D$1,9,1),'📝 Vnos stroškov'!$A:$A,"<"&DATE($D$1,10,1)) -> 71.74 | K4: =SUMIFS('📝 Vnos stroškov'!$C:$C,'📝 Vnos stroškov'!$D:$D,$A4,'📝 Vnos stroškov'!$A:$A,">="&DATE($D$1,10,1),'📝 Vnos stroškov'!$A:$A,"<"&DATE($D$1,11,1)) -> 73.52 | L4: =SUMIFS('📝 Vnos stroškov'!$C:$C,'📝 Vnos stroškov'!$D:$D,$A4,'📝 Vnos stroškov'!$A:$A,">="&DATE($D$1,11,1),'📝 Vnos stroškov'!$A:$A,"<"&DATE($D$1,12,1)) -> 197.99 | M4: =SUMIFS('📝 Vnos stroškov'!$C:$C,'📝 Vnos stroškov'!$D:$D,$A4,'📝 Vnos stroškov'!$A:$A,">="&DATE($D$1,12,1),'📝 Vnos stroškov'!$A:$A,"<"&DATE($D$1,1,1)) -> 0
A5: Hrana | B5: =SUMIFS('📝 Vnos stroškov'!$C:$C,'📝 Vnos stroškov'!$D:$D,$A5,'📝 Vnos stroškov'!$A:$A,">="&DATE($D$1,1,1),'📝 Vnos stroškov'!$A:$A,"<"&DATE($D$1,2,1)) -> 0 | C5: =SUMIFS('📝 Vnos stroškov'!$C:$C,'📝 Vnos stroškov'!$D:$D,$A5,'📝 Vnos stroškov'!$A:$A,">="&DATE($D$1,2,1),'📝 Vnos stroškov'!$A:$A,"<"&DATE($D$1,3,1)) -> 0 | D5: =SUMIFS('📝 Vnos stroškov'!$C:$C,'📝 Vnos stroškov'!$D:$D,$A5,'📝 Vnos stroškov'!$A:$A,">="&DATE($D$1,3,1),'📝 Vnos stroškov'!$A:$A,"<"&DATE($D$1,4,1)) -> 251.72 | E5: =SUMIFS('📝 Vnos stroškov'!$C:$C,'📝 Vnos stroškov'!$D:$D,$A5,'📝 Vnos stroškov'!$A:$A,">="&DATE($D$1,4,1),'📝 Vnos stroškov'!$A:$A,"<"&DATE($D$1,5,1)) -> 139.82 | F5: =SUMIFS('📝 Vnos stroškov'!$C:$C,'📝 Vnos stroškov'!$D:$D,$A5,'📝 Vnos stroškov'!$A:$A,">="&DATE($D$1,5,1),'📝 Vnos stroškov'!$A:$A,"<"&DATE($D$1,6,1)) -> 258.62 | G5: =SUMIFS('📝 Vnos stroškov'!$C:$C,'📝 Vnos stroškov'!$D:$D,$A5,'📝 Vnos stroškov'!$A:$A,">="&DATE($D$1,6,1),'📝 Vnos stroškov'!$A:$A,"<"&DATE($D$1,7,1)) -> 139.09 | H5: =SUMIFS('📝 Vnos stroškov'!$C:$C,'📝 Vnos stroškov'!$D:$D,$A5,'📝 Vnos stroškov'!$A:$A,">="&DATE($D$1,7,1),'📝 Vnos stroškov'!$A:$A,"<"&DATE($D$1,8,1)) -> 241.62 | I5: =SUMIFS('📝 Vnos stroškov'!$C:$C,'📝 Vnos stroškov'!$D:$D,$A5,'📝 Vnos stroškov'!$A:$A,">="&DATE($D$1,8,1),'📝 Vnos stroškov'!$A:$A,"<"&DATE($D$1,9,1)) -> 27.42 | J5: =SUMIFS('📝 Vnos stroškov'!$C:$C,'📝 Vnos stroškov'!$D:$D,$A5,'📝 Vnos stroškov'!$A:$A,">="&DATE($D$1,9,1),'📝 Vnos stroškov'!$A:$A,"<"&DATE($D$1,10,1)) -> 82.84 | K5: =SUMIFS('📝 Vnos stroškov'!$C:$C,'📝 Vnos stroškov'!$D:$D,$A5,'📝 Vnos stroškov'!$A:$A,">="&DATE($D$1,10,1),'📝 Vnos stroškov'!$A:$A,"<"&DATE($D$1,11,1)) -> 101.53 | L5: =SUMIFS('📝 Vnos stroškov'!$C:$C,'📝 Vnos stroškov'!$D:$D,$A5,'📝 Vnos stroškov'!$A:$A,">="&DATE($D$1,11,1),'📝 Vnos stroškov'!$A:$A,"<"&DATE($D$1,12,1)) -> 0 | M5: =SUMIFS('📝 Vnos stroškov'!$C:$C,'📝 Vnos stroškov'!$D:$D,$A5,'📝 Vnos stroškov'!$A:$A,">="&DATE($D$1,12,1),'📝 Vnos stroškov'!$A:$A,"<"&DATE($D$1,1,1)) -> 0
A6: Transport | B6: =SUMIFS('📝 Vnos stroškov'!$C:$C,'📝 Vnos stroškov'!$D:$D,$A6,'📝 Vnos stroškov'!$A:$A,">="&DATE($D$1,1,1),'📝 Vnos stroškov'!$A:$A,"<"&DATE($D$1,2,1)) -> 0 | C6: =SUMIFS('📝 Vnos stroškov'!$C:$C,'📝 Vnos stroškov'!$D:$D,$A6,'📝 Vnos stroškov'!$A:$A,">="&DATE($D$1,2,1),'📝 Vnos stroškov'!$A:$A,"<"&DATE($D$1,3,1)) -> 0 | D6: =SUMIFS('📝 Vnos stroškov'!$C:$C,'📝 Vnos stroškov'!$D:$D,$A6,'📝 Vnos stroškov'!$A:$A,">="&DATE($D$1,3,1),'📝 Vnos stroškov'!$A:$A,"<"&DATE($D$1,4,1)) -> 98.1 | E6: =SUMIFS('📝 Vnos stroškov'!$C:$C,'📝 Vnos stroškov'!$D:$D,$A6,'📝 Vnos stroškov'!$A:$A,">="&DATE($D$1,4,1),'📝 Vnos stroškov'!$A:$A,"<"&DATE($D$1,5,1)) -> 188.44 | F6: =SUMIFS('📝 Vnos stroškov'!$C:$C,'📝 Vnos stroškov'!$D:$D,$A6,'📝 Vnos stroškov'!$A:$A,">="&DATE($D$1,5,1),'📝 Vnos stroškov'!$A:$A,"<"&DATE($D$1,6,1)) -> 134.3 | G6: =SUMIFS('📝 Vnos stroškov'!$C:$C,'📝 Vnos stroškov'!$D:$D,$A6,'📝 Vnos stroškov'!$A:$A,">="&DATE($D$1,6,1),'📝 Vnos stroškov'!$A:$A,"<"&DATE($D$1,7,1)) -> 78.71 | H6: =SUMIFS('📝 Vnos stroškov'!$C:$C,'📝 Vnos stroškov'!$D:$D,$A6,'📝 Vnos stroškov'!$A:$A,">="&DATE($D$1,7,1),'📝 Vnos stroškov'!$A:$A,"<"&DATE($D$1,8,1)) -> 94.02 | I6: =SUMIFS('📝 Vnos stroškov'!$C:$C,'📝 Vnos stroškov'!$D:$D,$A6,'📝 Vnos stroškov'!$A:$A,">="&DATE($D$1,8,1),'📝 Vnos stroškov'!$A:$A,"<"&DATE($D$1,9,1)) -> 71.24 | J6: =SUMIFS('📝 Vnos stroškov'!$C:$C,'📝 Vnos stroškov'!$D:$D,$A6,'📝 Vnos stroškov'!$A:$A,">="&DATE($D$1,9,1),'📝 Vnos stroškov'!$A:$A,"<"&DATE($D$1,10,1)) -> 128.63 | K6: =SUMIFS('📝 Vnos stroškov'!$C:$C,'📝 Vnos stroškov'!$D:$D,$A6,'📝 Vnos stroškov'!$A:$A,">="&DATE($D$1,10,1),'📝 Vnos stroškov'!$A:$A,"<"&DATE($D$1,11,1)) -> 76.22 | L6: =SUMIFS('📝 Vnos stroškov'!$C:$C,'📝 Vnos stroškov'!$D:$D,$A6,'📝 Vnos stroškov'!$A:$A,">="&DATE($D$1,11,1),'📝 Vnos stroškov'!$A:$A,"<"&DATE($D$1,12,1)) -> 64.66 | M6: =SUMIFS('📝 Vnos stroškov'!$C:$C,'📝 Vnos stroškov'!$D:$D,$A6,'📝 Vnos stroškov'!$A:$A,">="&DATE($D$1,12,1),'📝 Vnos stroškov'!$A:$A,"<"&DATE($D$1,1,1)) -> 0
A7: Zabava | B7: =SUMIFS('📝 Vnos stroškov'!$C:$C,'📝 Vnos stroškov'!$D:$D,$A7,'📝 Vnos stroškov'!$A:$A,">="&DATE($D$1,1,1),'📝 Vnos stroškov'!$A:$A,"<"&DATE($D$1,2,1)) -> 0 | C7: =SUMIFS('📝 Vnos stroškov'!$C:$C,'📝 Vnos stroškov'!$D:$D,$A7,'📝 Vnos stroškov'!$A:$A,">="&DATE($D$1,2,1),'📝 Vnos stroškov'!$A:$A,"<"&DATE($D$1,3,1)) -> 0 | D7: =SUMIFS('📝 Vnos stroškov'!$C:$C,'📝 Vnos stroškov'!$D:$D,$A7,'📝 Vnos stroškov'!$A:$A,">="&DATE($D$1,3,1),'📝 Vnos stroškov'!$A:$A,"<"&DATE($D$1,4,1)) -> 85.62 | E7: =SUMIFS('📝 Vnos stroškov'!$C:$C,'📝 Vnos stroškov'!$D:$D,$A7,'📝 Vnos stroškov'!$A:$A,">="&DATE($D$1,4,1),'📝 Vnos stroškov'!$A:$A,"<"&DATE($D$1,5,1)) -> 118.6 | F7: =SUMIFS('📝 Vnos stroškov'!$C:$C,'📝 Vnos stroškov'!$D:$D,$A7,'📝 Vnos stroškov'!$A:$A,">="&DATE($D$1,5,1),'📝 Vnos stroškov'!$A:$A,"<"&DATE($D$1,6,1)) -> 111.64 | G7: =SUMIFS('📝 Vnos stroškov'!$C:$C,'📝 Vnos stroškov'!$D:$D,$A7,'📝 Vnos stroškov'!$A:$A,">="&DATE($D$1,6,1),'📝 Vnos stroškov'!$A:$A,"<"&DATE($D$1,7,1)) -> 48.7 | H7: =SUMIFS('📝 Vnos stroškov'!$C:$C,'📝 Vnos stroškov'!$D:$D,$A7,'📝 Vnos stroškov'!$A:$A,">="&DATE($D$1,7,1),'📝 Vnos stroškov'!$A:$A,"<"&DATE($D$1,8,1)) -> 160.72 | I7: =SUMIFS('📝 Vnos stroškov'!$C:$C,'📝 Vnos stroškov'!$D:$D,$A7,'📝 Vnos stroškov'!$A:$A,">="&DATE($D$1,8,1),'📝 Vnos stroškov'!$A:$A,"<"&DATE($D$1,9,1)) -> 21.63 | J7: =SUMIFS('📝 Vnos stroškov'!$C:$C,'📝 Vnos stroškov'!$D:$D,$A7,'📝 Vnos stroškov'!$A:$A,">="&DATE($D$1,9,1),'📝 Vnos stroškov'!$A:$A,"<"&DATE($D$1,10,1)) -> 14.6 | K7: =SUMIFS('📝 Vnos stroškov'!$C:$C,'📝 Vnos stroškov'!$D:$D,$A7,'📝 Vnos stroškov'!$A:$A,">="&DATE($D$1,10,1),'📝 Vnos stroškov'!$A:$A,"<"&DATE($D$1,11,1)) -> 43.4 | L7: =SUMIFS('📝 Vnos stroškov'!$C:$C,'📝 Vnos stroškov'!$D:$D,$A7,'📝 Vnos stroškov'!$A:$A,">="&DATE($D$1,11,1),'📝 Vnos stroškov'!$A:$A,"<"&DATE($D$1,12,1)) -> 0 | M7: =SUMIFS('📝 Vnos stroškov'!$C:$C,'📝 Vnos stroškov'!$D:$D,$A7,'📝 Vnos stroškov'!$A:$A,">="&DATE($D$1,12,1),'📝 Vnos stroškov'!$A:$A,"<"&DATE($D$1,1,1)) -> 0
A8: Oblačila | B8: =SUMIFS('📝 Vnos stroškov'!$C:$C,'📝 Vnos stroškov'!$D:$D,$A8,'📝 Vnos stroškov'!$A:$A,">="&DATE($D$1,1,1),'📝 Vnos stroškov'!$A:$A,"<"&DATE($D$1,2,1)) -> 0 | C8: =SUMIFS('📝 Vnos stroškov'!$C:$C,'📝 Vnos stroškov'!$D:$D,$A8,'📝 Vnos stroškov'!$A:$A,">="&DATE($D$1,2,1),'📝 Vnos stroškov'!$A:$A,"<"&DATE($D$1,3,1)) -> 0 | D8: =SUMIFS('📝 Vnos stroškov'!$C:$C,'📝 Vnos stroškov'!$D:$D,$A8,'📝 Vnos stroškov'!$A:$A,">="&DATE($D$1,3,1),'📝 Vnos stroškov'!$A:$A,"<"&DATE($D$1,4,1)) -> 0 | E8: =SUMIFS('📝 Vnos stroškov'!$C:$C,'📝 Vnos stroškov'!$D:$D,$A8,'📝 Vnos stroškov'!$A:$A,">="&DATE($D$1,4,1),'📝 Vnos stroškov'!$A:$A,"<"&DATE($D$1,5,1)) -> 0 | F8: =SUMIFS('📝 Vnos stroškov'!$C:$C,'📝 Vnos stroškov'!$D:$D,$A8,'📝 Vnos stroškov'!$A:$A,">="&DATE($D$1,5,1),'📝 Vnos stroškov'!$A:$A,"<"&DATE($D$1,6,1)) -> 0 | G8: =SUMIFS('📝 Vnos stroškov'!$C:$C,'📝 Vnos stroškov'!$D:$D,$A8,'📝 Vnos stroškov'!$A:$A,">="&DATE($D$1,6,1),'📝 Vnos stroškov'!$A:$A,"<"&DATE($D$1,7,1)) -> 0 | H8: =SUMIFS('📝 Vnos stroškov'!$C:$C,'📝 Vnos stroškov'!$D:$D,$A8,'📝 Vnos stroškov'!$A:$A,">="&DATE($D$1,7,1),'📝 Vnos stroškov'!$A:$A,"<"&DATE($D$1,8,1)) -> 0 | I8: =SUMIFS('📝 Vnos stroškov'!$C:$C,'📝 Vnos stroškov'!$D:$D,$A8,'📝 Vnos stroškov'!$A:$A,">="&DATE($D$1,8,1),'📝 Vnos stroškov'!$A:$A,"<"&DATE($D$1,9,1)) -> 0 | J8: =SUMIFS('📝 Vnos stroškov'!$C:$C,'📝 Vnos stroškov'!$D:$D,$A8,'📝 Vnos stroškov'!$A:$A,">="&DATE($D$1,9,1),'📝 Vnos stroškov'!$A:$A,"<"&DATE($D$1,10,1)) -> 0 | K8: =SUMIFS('📝 Vnos stroškov'!$C:$C,'📝 Vnos stroškov'!$D:$D,$A8,'📝 Vnos stroškov'!$A:$A,">="&DATE($D$1,10,1),'📝 Vnos stroškov'!$A:$A,"<"&DATE($D$1,11,1)) -> 0 | L8: =SUMIFS('📝 Vnos stroškov'!$C:$C,'📝 Vnos stroškov'!$D:$D,$A8,'📝 Vnos stroškov'!$A:$A,">="&DATE($D$1,11,1),'📝 Vnos stroškov'!$A:$A,"<"&DATE($D$1,12,1)) -> 0 | M8: =SUMIFS('📝 Vnos stroškov'!$C:$C,'📝 Vnos stroškov'!$D:$D,$A8,'📝 Vnos stroškov'!$A:$A,">="&DATE($D$1,12,1),'📝 Vnos stroškov'!$A:$A,"<"&DATE($D$1,1,1)) -> 0
A9: Zdravstvo | B9: =SUMIFS('📝 Vnos stroškov'!$C:$C,'📝 Vnos stroškov'!$D:$D,$A9,'📝 Vnos stroškov'!$A:$A,">="&DATE($D$1,1,1),'📝 Vnos stroškov'!$A:$A,"<"&DATE($D$1,2,1)) -> 0 | C9: =SUMIFS('📝 Vnos stroškov'!$C:$C,'📝 Vnos stroškov'!$D:$D,$A9,'📝 Vnos stroškov'!$A:$A,">="&DATE($D$1,2,1),'📝 Vnos stroškov'!$A:$A,"<"&DATE($D$1,3,1)) -> 0 | D9: =SUMIFS('📝 Vnos stroškov'!$C:$C,'📝 Vnos stroškov'!$D:$D,$A9,'📝 Vnos stroškov'!$A:$A,">="&DATE($D$1,3,1),'📝 Vnos stroškov'!$A:$A,"<"&DATE($D$1,4,1)) -> 30.97 | E9: =SUMIFS('📝 Vnos stroškov'!$C:$C,'📝 Vnos stroškov'!$D:$D,$A9,'📝 Vnos stroškov'!$A:$A,">="&DATE($D$1,4,1),'📝 Vnos stroškov'!$A:$A,"<"&DATE($D$1,5,1)) -> 18.66 | F9: =SUMIFS('📝 Vnos stroškov'!$C:$C,'📝 Vnos stroškov'!$D:$D,$A9,'📝 Vnos stroškov'!$A:$A,">="&DATE($D$1,5,1),'📝 Vnos stroškov'!$A:$A,"<"&DATE($D$1,6,1)) -> 0 | G9: =SUMIFS('📝 Vnos stroškov'!$C:$C,'📝 Vnos stroškov'!$D:$D,$A9,'📝 Vnos stroškov'!$A:$A,">="&DATE($D$1,6,1),'📝 Vnos stroškov'!$A:$A,"<"&DATE($D$1,7,1)) -> 41.97 | H9: =SUMIFS('📝 Vnos stroškov'!$C:$C,'📝 Vnos stroškov'!$D:$D,$A9,'📝 Vnos stroškov'!$A:$A,">="&DATE($D$1,7,1),'📝 Vnos stroškov'!$A:$A,"<"&DATE($D$1,8,1)) -> 0 | I9: =SUMIFS('📝 Vnos stroškov'!$C:$C,'📝 Vnos stroškov'!$D:$D,$A9,'📝 Vnos stroškov'!$A:$A,">="&DATE($D$1,8,1),'📝 Vnos stroškov'!$A:$A,"<"&DATE($D$1,9,1)) -> 0 | J9: =SUMIFS('📝 Vnos stroškov'!$C:$C,'📝 Vnos stroškov'!$D:$D,$A9,'📝 Vnos stroškov'!$A:$A,">="&DATE($D$1,9,1),'📝 Vnos stroškov'!$A:$A,"<"&DATE($D$1,10,1)) -> 45.22 | K9: =SUMIFS('📝 Vnos stroškov'!$C:$C,'📝 Vnos stroškov'!$D:$D,$A9,'📝 Vnos stroškov'!$A:$A,">="&DATE($D$1,10,1),'📝 Vnos stroškov'!$A:$A,"<"&DATE($D$1,11,1)) -> 0 | L9: =SUMIFS('📝 Vnos stroškov'!$C:$C,'📝 Vnos stroškov'!$D:$D,$A9,'📝 Vnos stroškov'!$A:$A,">="&DATE($D$1,11,1),'📝 Vnos stroškov'!$A:$A,"<"&DATE($D$1,12,1)) -> 0 | M9: =SUMIFS('📝 Vnos stroškov'!$C:$C,'📝 Vnos stroškov'!$D:$D,$A9,'📝 Vnos stroškov'!$A:$A,">="&DATE($D$1,12,1),'📝 Vnos stroškov'!$A:$A,"<"&DATE($D$1,1,1)) -> 0
A10: Šport/Fitnes | B10: =SUMIFS('📝 Vnos stroškov'!$C:$C,'📝 Vnos stroškov'!$D:$D,$A10,'📝 Vnos stroškov'!$A:$A,">="&DATE($D$1,1,1),'📝 Vnos stroškov'!$A:$A,"<"&DATE($D$1,2,1)) -> 0 | C10: =SUMIFS('📝 Vnos stroškov'!$C:$C,'📝 Vnos stroškov'!$D:$D,$A10,'📝 Vnos stroškov'!$A:$A,">="&DATE($D$1,2,1),'📝 Vnos stroškov'!$A:$A,"<"&DATE($D$1,3,1)) -> 0 | D10: =SUMIFS('📝 Vnos stroškov'!$C:$C,'📝 Vnos stroškov'!$D:$D,$A10,'📝 Vnos stroškov'!$A:$A,">="&DATE($D$1,3,1),'📝 Vnos stroškov'!$A:$A,"<"&DATE($D$1,4,1)) -> 0 | E10: =SUMIFS('📝 Vnos stroškov'!$C:$C,'📝 Vnos stroškov'!$D:$D,$A10,'📝 Vnos stroškov'!$A:$A,">="&DATE($D$1,4,1),'📝 Vnos stroškov'!$A:$A,"<"&DATE($D$1,5,1)) -> 0 | F10: =SUMIFS('📝 Vnos stroškov'!$C:$C,'📝 Vnos stroškov'!$D:$D,$A10,'📝 Vnos stroškov'!$A:$A,">="&DATE($D$1,5,1),'📝 Vnos stroškov'!$A:$A,"<"&DATE($D$1,6,1)) -> 0 | G10: =SUMIFS('📝 Vnos stroškov'!$C:$C,'📝 Vnos stroškov'!$D:$D,$A10,'📝 Vnos stroškov'!$A:$A,">="&DATE($D$1,6,1),'📝 Vnos stroškov'!$A:$A,"<"&DATE($D$1,7,1)) -> 0 | H10: =SUMIFS('📝 Vnos stroškov'!$C:$C,'📝 Vnos stroškov'!$D:$D,$A10,'📝 Vnos stroškov'!$A:$A,">="&DATE($D$1,7,1),'📝 Vnos stroškov'!$A:$A,"<"&DATE($D$1,8,1)) -> 0 | I10: =SUMIFS('📝 Vnos stroškov'!$C:$C,'📝 Vnos stroškov'!$D:$D,$A10,'📝 Vnos stroškov'!$A:$A,">="&DATE($D$1,8,1),'📝 Vnos stroškov'!$A:$A,"<"&DATE($D$1,9,1)) -> 0 | J10: =SUMIFS('📝 Vnos stroškov'!$C:$C,'📝 Vnos stroškov'!$D:$D,$A10,'📝 Vnos stroškov'!$A:$A,">="&DATE($D$1,9,1),'📝 Vnos stroškov'!$A:$A,"<"&DATE($D$1,10,1)) -> 0 | K10: =SUMIFS('📝 Vnos stroškov'!$C:$C,'📝 Vnos stroškov'!$D:$D,$A10,'📝 Vnos stroškov'!$A:$A,">="&DATE($D$1,10,1),'📝 Vnos stroškov'!$A:$A,"<"&DATE($D$1,11,1)) -> 0 | L10: =SUMIFS('📝 Vnos stroškov'!$C:$C,'📝 Vnos stroškov'!$D:$D,$A10,'📝 Vnos stroškov'!$A:$A,">="&DATE($D$1,11,1),'📝 Vnos stroškov'!$A:$A,"<"&DATE($D$1,12,1)) -> 0 | M10: =SUMIFS('📝 Vnos stroškov'!$C:$C,'📝 Vnos stroškov'!$D:$D,$A10,'📝 Vnos stroškov'!$A:$A,">="&DATE($D$1,12,1),'📝 Vnos stroškov'!$A:$A,"<"&DATE($D$1,1,1)) -> 0
A11: Ostalo | B11: =SUMIFS('📝 Vnos stroškov'!$C:$C,'📝 Vnos stroškov'!$D:$D,$A11,'📝 Vnos stroškov'!$A:$A,">="&DATE($D$1,1,1),'📝 Vnos stroškov'!$A:$A,"<"&DATE($D$1,2,1)) -> 0 | C11: =SUMIFS('📝 Vnos stroškov'!$C:$C,'📝 Vnos stroškov'!$D:$D,$A11,'📝 Vnos stroškov'!$A:$A,">="&DATE($D$1,2,1),'📝 Vnos stroškov'!$A:$A,"<"&DATE($D$1,3,1)) -> 0 | D11: =SUMIFS('📝 Vnos stroškov'!$C:$C,'📝 Vnos stroškov'!$D:$D,$A11,'📝 Vnos stroškov'!$A:$A,">="&DATE($D$1,3,1),'📝 Vnos stroškov'!$A:$A,"<"&DATE($D$1,4,1)) -> 478.42 | E11: =SUMIFS('📝 Vnos stroškov'!$C:$C,'📝 Vnos stroškov'!$D:$D,$A11,'📝 Vnos stroškov'!$A:$A,">="&DATE($D$1,4,1),'📝 Vnos stroškov'!$A:$A,"<"&DATE($D$1,5,1)) -> 1378.16 | F11: =SUMIFS('📝 Vnos stroškov'!$C:$C,'📝 Vnos stroškov'!$D:$D,$A11,'📝 Vnos stroškov'!$A:$A,">="&DATE($D$1,5,1),'📝 Vnos stroškov'!$A:$A,"<"&DATE($D$1,6,1)) -> 562.82 | G11: =SUMIFS('📝 Vnos stroškov'!$C:$C,'📝 Vnos stroškov'!$D:$D,$A11,'📝 Vnos stroškov'!$A:$A,">="&DATE($D$1,6,1),'📝 Vnos stroškov'!$A:$A,"<"&DATE($D$1,7,1)) -> 725.67 | H11: =SUMIFS('📝 Vnos stroškov'!$C:$C,'📝 Vnos stroškov'!$D:$D,$A11,'📝 Vnos stroškov'!$A:$A,">="&DATE($D$1,7,1),'📝 Vnos stroškov'!$A:$A,"<"&DATE($D$1,8,1)) -> 821.72 | I11: =SUMIFS('📝 Vnos stroškov'!$C:$C,'📝 Vnos stroškov'!$D:$D,$A11,'📝 Vnos stroškov'!$A:$A,">="&DATE($D$1,8,1),'📝 Vnos stroškov'!$A:$A,"<"&DATE($D$1,9,1)) -> 533.41 | J11: =SUMIFS('📝 Vnos stroškov'!$C:$C,'📝 Vnos stroškov'!$D:$D,$A11,'📝 Vnos stroškov'!$A:$A,">="&DATE($D$1,9,1),'📝 Vnos stroškov'!$A:$A,"<"&DATE($D$1,10,1)) -> 416.73 | K11: =SUMIFS('📝 Vnos stroškov'!$C:$C,'📝 Vnos stroškov'!$D:$D,$A11,'📝 Vnos stroškov'!$A:$A,">="&DATE($D$1,10,1),'📝 Vnos stroškov'!$A:$A,"<"&DATE($D$1,11,1)) -> 517.39 | L11: =SUMIFS('📝 Vnos stroškov'!$C:$C,'📝 Vnos stroškov'!$D:$D,$A11,'📝 Vnos stroškov'!$A:$A,">="&DATE($D$1,11,1),'📝 Vnos stroškov'!$A:$A,"<"&DATE($D$1,12,1)) -> 5 | M11: =SUMIFS('📝 Vnos stroškov'!$C:$C,'📝 Vnos stroškov'!$D:$D,$A11,'📝 Vnos stroškov'!$A:$A,">="&DATE($D$1,12,1),'📝 Vnos stroškov'!$A:$A,"<"&DATE($D$1,1,1)) -> 0
A12: SKUPAJ | B12: =SUM(B4:B11) -> 0 | C12: =SUM(C4:C11) -> 0 | D12: =SUM(D4:D11) -> 1018.16 | E12: =SUM(E4:E11) -> 1925.37 | F12: =SUM(F4:F11) -> 1140.32 | G12: =SUM(G4:G11) -> 1137.82 | H12: =SUM(H4:H11) -> 1398.89 | I12: =SUM(I4:I11) -> 747.89 | ... M12: =SUM(M4:M11) -> 0

Sheet 📈 Grafi
A1: 📈 GRAFI
